key,input,pca_1,pca_2,pca_3,pca_4,umap_1,umap_2,tsne_1,tsne_2
AMFGWXWBFGVCKG-UHFFFAOYSA-N,C=C(C)C(=O)OCC(O)COc1ccc(C(C)(C)c2ccc(OCC(O)COC(=O)C(=C)C)cc2)cc1,0.88980275,-0.02541028,0.22286084,0.41480798,-0.013010144,0.2928027,-0.22331309015884043,-0.10982106677311104
NHNNUFKPFVKFBH-UHFFFAOYSA-N,Cc1c2cc(CO)ccc2nc2c1ccc1ccccc12,0.8968941,-0.13779901,0.1268058,0.18152218,-0.112174034,0.56035113,-0.18626439921526808,-0.4055799389001521
UICBCXONCUFSOI-UHFFFAOYSA-N,CC(=O)NNc1ccccc1,0.94059455,0.30825603,-0.026551753,0.5400255,0.5876124,0.20819283,0.6779151525183704,-0.040862568077121665
IUNMPGNGSSIWFP-UHFFFAOYSA-N,CN(C)CCCN,0.91619974,0.27248767,0.013537087,0.43761858,0.6198008,-0.2894932,0.570924926820934,0.4014354072149092
XTTIQGSLJBWVIV-UHFFFAOYSA-N,Cc1cc([N+](=O)[O-])ccc1N,0.93250227,0.2594215,0.082840055,0.5222665,0.47100663,-0.020546317,0.24113331515062483,0.2540735168289053
